chrom,pos,strand,pred_label,prob_0_non_splice,prob_1_donor,prob_2_acceptor,splice_site_probability,sequence
MU273395.1,95578,+,1,0.007160337,0.7303742,0.26246545,0.9928397,AGAGGAGATCCGGGAGCTGCATTCCCAGATCTCGGATACGTCTGTGGTGCTGTCCGTGGACAACAGCCCTCCCTGGACATGGAAAGCATCATCGCTGAGGTCAAGGCGTAGTACGAGGTGATCGCCAACCGCAGCCTGGCTGAGGCTGAGAGCATGGACCAGGTCAAGTATGAGGAGCTGCAGGTGCTGGCTGGGAAGCAGGGGGATGACCTGCGGCATACAGACTGAGATCTCCGAGATGAACCGGAACATCAGCTGGCTCCAGGCTGAGACTGAGGGCCTCAAAGGCCGGATGGCTTCCCTGTGGAGGCCGCCATCGCAGATGCCGAGCAGCTTGGGGAGCTGGCCGTTAAGGATGCTAACGTCAAGCTGTCCGAGCTGGAGGCCACCCTGCAGCGGGC
ML143371.1,3797726,-,1,0.007416705,0.8308795,0.16170377,0.9925833,CGCTGGACGGCTTCGACGCCATGTTCCGGGAGGCCAACCACAACGTGTCAGCGCCCTACGGGAGGATCACCCTGCACGTCTTCTGGGAGCTCAACTATGACTTCCTGCCCAACTACTGCTACAACGGCTCTACCAACCGGTGAGCGTGCCCGCCACACAGGCGCCCACAGGCGAGGCGCTCAGGGACCCATGTCCCCGCAGGCTTCCTCCATGTCACCAGGTCCCTGTCTCCCTGCTCTTGCTGCTCCCCATCACTTCTCACATGAAGAGCACGCAGGCCCTCCAGTGTCTTCTGTGTGCACAGGCAGCCTCGGGTCTACCCTCGGGTGGATGGTCATGGCTTTGCACGTGGGGCTTGCGTGGGGCTGCATCTCCTGGCTTTCTGTTTGCCTGATGGTGGA
chr17,44353603,-,1,0.009909142,0.8511452,0.13894565,0.99009085,AGGCGGGAGACAAGAAGAGCCCGTGGCAGCGGCGGGAGGAGCGGCCGCTGATGGTGTTCAACGTCAAGTAGCGCCCGCGCAGGGCCTGGCACCGCCCCTCCCGCGCGGGCCCGCACCCAGGGTGCGCGCCCCGGGGGCCCGCGGGGGCCCTCGCGCGTAGCTCCCAGCCCCAGGCCGGAGAGGGGCCCAGGGGCCTTGGAGCTGTTCCGTGGTTGGTGCTGGGTCGTGTCTTGCAAGGGACCCTGTGTCTGCCTCCAAGCCGGGGAGGAGGGGGGGTCCAGACCCCCACGGGGAGGTGCCGGGGAGGAGGGCTGGGGGGAAGCAGTGCCTGTGTAGACGTGGCTGTACATAGAAAGCTCTATTGTGGGAAAGCAGGAGGGGTGACCCAGCCTCAGCTGCTA
chr12,64780904,+,1,0.00997533,0.8840291,0.105995454,0.99002457,GGGAGGGCACCACCGGCGAGGACGAAGCCGCGCCTCCTCCCGGAACTGGCCGGCGCCGCGAGGCGGGAGGAGCAGCGGGAGCCGGGCAGCCGCGCGCCGGGGACCATGGACGTCCTTCCCACCGGCGGGGGCCGCCCGGGGCTCCGGACGGAGCTGGAATTCCGCGGCGGCGGTGGCGAGGCGAGGCTGGAGAGTCAGGAGGAAGAAACGATTCCTGCAGCTCCCCCAGCCCCGCGCCTCCGGGGAGCGGCGGAGCGGCCGCGGCGCTCCCGGGACACGTGGGACGGCGATGAGGACACGGAGCCCGGCGAGGCGTGCGGCGGCCGCACAAGCCGCACGGCGTCCCTGGTGAGCGGGCTGCTCAACGAGCTGTACAGCTGCACAGAGGAGGAGGAGGCGGC
chr7,29566494,-,1,0.010326676,0.8939662,0.09570715,0.9896734,CCAGGAAAGCCTGCCTCCTCCGGGGACCTGCCCGCCTCCGGGAGCAGCGTGGCGCGCACTTTCCTCTTCTCCTTAAAGCGGCCGGAGCGCGAGATCTTCAAATTGCGGCGGCTGCTGCCGGATTTGTCCCCGTATAACTTGTCTGGTTTGGGGGGCTCGCCGGCGCCCCCGAGGAGATTGGGGTGCTGGTTCTCCCGGGAGCTGCTGGTCCAGTCCGGGCTGGGCGGCGCAGGTGGCGTGGGCTCCCCGGGAGCGGGCTGGGCGGGAGGCGGCACCCCCACTGCGGCTTCCTTGCTTTTCTTTCTGCTGTTGGTGAGCGATTTCCACCAGGGGCCGGAGCTGCCAGCATCGCCGCTGTCGGCCATGGCCGGAGGGCCTAGGGGCTCCCGGCACCCAGATGG
GL000255.2,2791104,-,1,0.010858156,0.6460352,0.34310666,0.9891418,ACGAGAAGCAGGTCATGATGTTCAGTGCTACCTTGAGCAAAGAGATCCGTCCAGTCTGCCGCAAGTTCATGCAAGATGTAAATACCCTTCTACCTTCTCTCCCTCCACTCCCCGCCCGCTGCCTCCTCCCCTTCCTCGCCCTCTTCCTCAGACTCCCTTGTCATTCAAGTGCCAAGAAGGCGGCTTGTGCCCAACTGGGAGTAATGACTCCTTGAAGAGACATACAGAAGCAGAGACAGCTAGTGTTAGGGCCTGCGCGGGTGCCAGGGAAACTCCGGAAGACTTGGTCGGGTTAATGTGAGAGCGGGTAGTGTTCGACTTTTTCATAAATCACAACATTTTTGAACCTCTTCTCCCTTCGGGGGAGGGCAGGATTTTTCTGCCCTACCACCCACCCATCC
chr13,21669522,-,1,0.011030353,0.6666154,0.32235417,0.98896956,GAAGCAAAGTCGAAAGCAGAGACTGAACCCCTGCGGTGGGGAAGCGAATCAAAACCTGGTTATGGGGGAGAAGTCGGATCCGCCTTAGTAGTCAGCTAAAGGCTGGAGATGCATAACTGGGGCTGGCCCTACTCCGGACGGGAGGGCTTCGCCTGAAGACGAAAGGGAGCGATGAATTTGCAGATTTCGGGGGCGCTGGAGGTGCCAGCGACCTGGAGCGACCTTCCCCTGCCCTCCGGGGAGGAAGGCGTGCTCCGGCCCGGGCGAGGAGGAAGGAGAGAAGAGCGAGTGGTCCTCCCCTCTTCCTTTCCCACCCCCCCTTTGCCGCAGTCCAGGGTCATTGGGTGTCCGGGGCTGGCTCGGTGCGTCTTGCTTACGTGTTTCTGAAGCATGAGAGCCCT
chr11,23404834,+,1,0.014659495,0.7344712,0.2508693,0.9853405,CTCACCAACTGCCTTTCCTCCTCCCGTGCCCGGAAGATGTTCCCAGGTCTGGCTGCACACTCCCTGCCCAAGAAGCTGAAGCCTGAACAAATACGGGTGGAGATCAAGCGGGAGATGCTGCCGGGGGCCCTTCGTGGGGAGCTGCACCCATCTGAGAGTCCCTGGGAGGCACCACGGGAAGACATGATACCCCTGAACCTGTCTTCCCGGGCAGAGCCGGTGCGCAATATCCCCTGTGAGTTCTGCAGCGGGTTCTTTGAGAACCGCAAGGGCCTGTGTAGTCACGCACGCTCCCACTTGCTGCAGATGGGTGTGACCGGGTGGTCCGTCCATGGTTCGCCCATTGACACTGCGAGAGATCCTCAAGAAGTCCAAGCTGTGCCTCATCAAGGAGGAGCCAC
chr3,49661630,+,1,0.014661581,0.6042455,0.38109288,0.98533833,TGAGGTGCCCCGGGCTGGTGACCGTGGCAGTGTGAGCCAGAGCCCAGCCCCCACCTACCCCTCTGACTCACACTATACCAGTCTGGAGCAGAACGTTCCTCGAAACTACGTAATGATTGATGACATCAGTGAACTGACCAAGGACAGCACCTCTACTGCTCCTGATAGCCAACGGCTGGAGCCCCTGGGGCCAGGCAGCAGTGGGCGTCCAGGGAAGGAGCCTGGAGAACCAGGTGTCCTTGACGGGCCCACACTGCCCTGCTGCTATGCCAGAGGAGAAGAGGAATCTGAGGAGGACTCATACGATCCCCGCGGGAAGGGTGGCCACCTCCGGAGCATGGAGAGCAATGGTCGACCAGCCAGTACCCACTACTATGGTGACAGTGACTACAGGCATGGGG
KI270831.1,232118,-,1,0.015488573,0.71210647,0.27240497,0.98451144,GTTTTCAGGGTCTGCCCACACATGACATGGAGGGCAAAGAGCTCAGCAAAGGGCAAGCCAAGAAGCTGAAGAAGCTCTTCGAGGCTCAGGAGAAGCTCTACAAGGAATATCTGCAGATGGCCCAGAATGGAAGCTTCCAGTGAGGGGGCACAGGACTGACTTTTTAAACCATTGTGGACTAGTGGCTGCTGTCTGCCTCAGTGACAATGTCCCAGCGCTCCTATCATGTTTACAGTCACCCTTGGGTCCTAAATTAAGAGTTGTGTTCATGTAGGTTCGTGTCGTCGTTGGCTCTGAGACATTGATAATAAATTTTTCTCAACAGTGAGACCCTCTCTGTCTTGTTCTGCATGTTCAGCACTTGGCAGGAGGCCTGGTGGCCAGCCAGGGCCGCTTGGTCA
chr20,45304492,-,1,0.016078802,0.8508635,0.13305771,0.98392123,TCCTCCGAGGCCTGAACGTGGGTCCCAACGCCACGCGCGTTGGCGTGATCCAGTATTCGAGTCAAGTGCAGAGCGTCTTCCCTCTCCGCGCGTTCTCTCGCCGCGAGGACATGGAGCGCGCCATCCGCGACCTGGTGCCTCTGGCGCAAGGCACCATGACGGGACTGGCAATCCAGTACGCCATGAACGTGGCCTTCAGTGTGGCCGAGGGCGCGCGACCGCCAGAGGAGCGCGTGCCGCGTGTCGCTGTCATCGTGACAGACGGGCGGCCCCAGGACCGCGTGGCCGAGGTGGCGGCACAGGCGCGCGCCCGCGGCATTGAAATTTACGCGGTGGGGGTGCAGCGCGCGGACGTGGGCTCCCTGCGCGCCATGGCATCGCCCCCGCTAGACGAGCACGTC
KI270879.1,213776,-,1,0.017485324,0.82297385,0.15954076,0.9825146,CCTGACCCCTCTCTCTGCCTGTCGGCCCACCAGATAATAATCCCTGTGTTCCTGGGCGAGTCAGTGCCACCCGAGATGTTGGCGGCCACTTTGGCTGAGCTGGACGGATGCCTGCAGCTGCTCGAGGACAAGTTCCTGCGGGACCAGGCCTTCCTTACTGGGCCCCGTATCTCTGTGGCTGGCTTGGTGGCAATCACGGAGCTGAGGCATGAGAGTGCCATGGGGTGCGGTGGCCCGCTGGGCAGTGGTGTATCCGGGAAGGGAGCTGACATCCCAGCTCATGTTGTCTTTTCTGGCTGTGGGACCCTGTGTGAGTCACTTCTCCTTCTGAGCCTCAGTGTCCTCATCTATAAAATGGGGCTTTACAAACCCCTCACCGCAGCTATATTAAGAGGCTTCCA
chr14,28773840,-,1,0.017716987,0.8536523,0.12863074,0.98228306,CTCACCCGACCCGGAGCAGCCCGGCTAAATCCGACCGGGACCCTGGTGTGACCCAGGCCAAGGAGCTGGGGGCGGAGGGCCAGCTCTGGGGAAGGTTGGCTATGTTAGTGTGCAAATAGAGAAGGGCGATCCAAAGAAGAACTTTAGAGAGAAGCAGGTTCTTGGCTCTGGAGCAAAGAGCTTTAACTGAAATAAGGATAGCTAATAAACCTGTCTTTGAGCGTTAAGAACGTCCCGGAAGTTCCTGTAGCAACCATAAGACTCAGAAATCATATTTCCACGAAATGAATTAATTTACACTTTAGGACCTATTTCAGTCTCCCACTACCCCTTCTCCGTATAATTTTTTCTCGTTTTCTCTCCATGTTCCTTTGCCGTGTCTACATCCTTTTGACCTGGGG
KN196485.1,112755,-,1,0.01930286,0.505667,0.47503015,0.98069715,GACCTCTTTGGACCTTTTTATCCCCAAGATTATGCAGCCACTCTCCCGAAGAATCCACCTCCTAAGAGGGCCACAGAAATGCAGAGCAAAGTTAAGGTACGGCACAAAAGTGCTTCTAATGGCTCCAAGACGGACACTGAGGAGGAGGAAGAGCAGCAGCAGCAGCAGAAGGAGCAGAGAAGCCTGGCCGCACACCCCAGGTTTAAGCGGCGCCACCGCTCGGAAGACTGTGGTGGAGGCCCTCGGTCCCTGTCCAGGGGGCTCCCTTGTAAAAAAGCAGCCACTGAGGGCAGCAGTGAAAAGACTGTTTTGGACTCGAAGCCCTCCGTGCCCACCACTTCAGAAGGTGGCCCTGAGCTGGAGTTACAAATCCCTGAACTACCTCTTGACAGCAATGAATT
chr15,34495761,-,1,0.020842945,0.8132821,0.16587497,0.97915703,TTAGCAGGGAGGGTTGGAAGGAGCCGCCACGTGGGCAGGAACCGGGAAGGGCGGGCGGGCCCTAGTACTCCCAGAGCGAGGCGGGGTGCACGGTCTCCGCGGAGGCCCTTAGGACCCCTGCGTGGTCGCCCTTCAGGTAGCGCCCGTCCATCTTGATGGCCTCCTTGTTGTAGTCGCAGAACTCGAAGAAGAAGTCCACAGGAGTGTCGCCGCTGCTGGTGACCGCGGAGTCACTGCCCACCGTCCAGTATTTGCCTGTGGAGTCTTTGATGTTGTAGGTACCATTGTTGAACTCCAGCTGGAAGACGTCATAGCTGCAGCGGTTGGCGTCCAGGGTGCCCCGACCTTGCGGCAGCCGATAAAGCCGTGCTCCCCGCGCAACACGGTGATGGCGCGGTTGA
GL000209.2,131704,-,2,0.021152314,0.4417799,0.5370678,0.9788477,GAACCTACAGATGCTTCGGCTCTTTCCGTGACTCTCCCTATGAGTGGTCAAACTCGAGTGACCCACTGCTTGTTTCTGTCACAGGTGAGGAAACCCCATATCTGTCTCATGTCCTATGATCCTAGAGCCTTAGCTGAGGAGCTTCCTGCTGATGATGGAGAGAAGCATGGACAGATGCAGAGAGAAGACGAAGCTTGGGTGTGAGGGAGGGATCAGGGCACAGGATGGCAGACAGGGCACCTCCAAACCCTCCTACACGGCCTGCATGAAGGCCCGCGGCCAGGGCTCCAGGCACACAGGCAGATGGAGAAAACGGTCAGGAGAGACCCAGAGGAGAGAGACTGGGCTCAGTTTGGGAAGATCAGAGGTTCCCTCAGCCCCTCAACATTATCCATTTCCCA
chr11,58118493,-,1,0.022189884,0.776133,0.20167705,0.97781,TCTTTGGAGCCCTTATCTTCATGTATCTGCAAAGTGGCTCAGGCAAATCTCTGGAGGAAGACAAAGTCGTGTCTGTCTTCTATACAGTGGTCATCCCCATGCTGAACCCTCTGATCTACAGCTTAAGAAACAAAGATGTAAAAGACGCCTTCAGAAAGGTCGCTAGGAGACTCCAGGTGTCCCTGAGCATGTAGATCTAAGTAAGAGGAATTCTTGTTTTAGTCCACTTTCTTCCCATATGAATATATCCTAATAGGCACCATTACTATATGCAACCTATACCCACAAACAGAGAAGACAGAAGATAGGTACCACCAGGCACACAGGAAAAACTACAATTGTGGTGAAATTAGTTTCCAGCAATTCCATGTTCTTTCTTCTTATCCCCTTCTTCCACTTTC
chr14,67199306,+,1,0.022587117,0.6810459,0.296367,0.9774129,GTACGTGGGGGGCCTGAATGAGAAGGTTAGTGAACCGCTACTGTGGGAACTGTTTCTCCAGGCTGGACCAGTAGTCAACACCCACATGCCAAAGGATAGAGTCACTGGCCAGCACCAAGGCTATGACTTTGTGAATTCTTGAGTGAGGATGATGCTGACTATGCCATTAAGATCATGAACATGATCAGACTCTATGGGAAGCCAATACGGGTGAACAAGGCATCAGCTCACAACAAAAACCTGGATGTAGGGGCCAACATTTTCAATGGGAACCTGGACCCTGAGATTGATGAGAAGTTGCTTTATGATACTTTCAGCGCCTTTGGGGTCATCTTACAAACCCCCAAGATTATGTGGGACCCTGACACAGGCAACTCCAAAGGTTATGCCTTTATTAATTT
chr21,33109712,-,1,0.0229139,0.84650713,0.13057895,0.97708607,TGACCTTACCGCCCCAAACAAGGGAAGGGTGGTGAGGGGAGGCGGGGCCGGCGGAGGCTGCGGGGAGAGGGAGGCGCGGCTCAGCCAGATGTCCCGGAGCGGGAGGTGCAGAAGCCGGGAGCGAGGACCTGCGGGCGCCGGAGCGCAGGGACCGGGTCGCCGAGGGCGCACGGCTGTCTGCTGCGGAGGGCGCCACCCAAGTCACCACTGGCGGCAGATGGACCCAAGCCTGGAGTTGGGGTGGTGGGGTGAGAATCCGCCCGGGCCCAGCTTGTCCTATCAGAAACGCCCTCCGAGGAAGGAAAGAATTGCTGAACCTGAGAGAGATGGGATGGGTCTGTTGGTTTCTAGGTCCCTCGTGTGTTTTGTAGACGCTCCTTCGTCTGCAGATGGTATTTGGA
chr14,69571898,-,1,0.02327005,0.68538415,0.29134575,0.97672987,CGGGCGCGCCACGAGGCGCTGCTACAGGGTCGGACCCGGCAGCAGCGCCAGGAGCGAGAGGGCCTGCGGAGCTCGCTGGAAGCCAGTTTGGGCCGTGCGCAGGAGAACTACGAGCATTTGGTGGAGCAGCGCACCCGGGAGCTGCGGGAGCGGGCCCGGCGAGAGGAGCTGCAGGGTCGGCGGGCCAAGGAGGCGGCAGAGCGCAAAGAGCGGGAACATCAGGCGCACCTGGAGGCGCTGGCCCGGGCGGGGGAGCGACGGCTGCAGCACGCGACGCAGGTGGCCGAGGAAGCAGTGCAGCAGAAGGCGCGGCGCGTGGGCCAGAGCCGGCTGGAGAAGGAACGAGCCCAGCGCGCCAACAAGGAGAAGGTGGAGAGGGACGAAGACTGCCGCCGGCGAGA
chrX,148198578,-,1,0.023918439,0.5317706,0.444311,0.9760816,ATGAGGAAGAAGAGGAAGAAGGGGGCTCATGGGGCTGTGGGAACCCAAGGTTCGATAATCCTCAGCATCCCGCCCCTCCCCGCCGCCCCCCCTCCGCCCCCACAACAAGGAATTTGGCTTTGACTTCAGCTTCAGCCCAGGAGGAGGGATACGTTTCCACGATAACTTCGGCTTTGATGACCTAGTACAAGATTTCAATAGCATCTTCAGCAATATGGGGGCCTGGACCTTGCCTTCCCATCCTCCTGAACTTCCAGGTTCTGAGTCAGAGACACCTGGTGAGAGACTGCGGGAGGGACAGGCACTTCGAGAATCAATGCTTAAGTATCCAGATAGTCACCAGCCCAGGATCTTTGAGGGGGTCTTGGAGAGTGATGCAAGAAGTGAATCCCCCAAACCAG
chr15,89776955,-,2,0.025037568,0.44380155,0.5311609,0.9749625,GGTTGTCCCTTGGGACGAATACGGGGGCGACTGTATCTTGGGGCAGTAAGGGGGTGTTGCCCAGGGATCCGTGTCGTGGACCCCCCTCCCCAGGCGCTCGGGTGCGGCTTGGGCTCCGGGGCAGGCGGACGGGGATCCCCAGGACGCCTCGGCGAGGACGGCGGAGACCAGGCCCGGCCTGCGCCCCTGCCCTTGCCCCTGTCCTTGCCCCTGTCCTTGCCCCTGCCCTTGCCCCTGCCCCTGCCCCTGCCCTTGCCCCTGCCCCTCCGCCTGCGTCTGCGCCTCTGCGGGGCCACGGTCGGGGCACAGCGGGCAGCCCCAAGGGGACCCCGCGTCCCCGCGCTGCCTGCGCCGGCACTGCAGACTCTCCTCGCTGAGACCCAGCACGGCCGATAGGTGGC
chr7,66606998,-,1,0.025192184,0.6103507,0.36445707,0.9748078,AACATAGTGAGACCCGTCTCTACAAGAACTAAAAAAAGTAGCTCTTTCCCGAGGAGCGGGCAGCGGCGGAGGCGGCAGCGGCCTGTGCAGCAATGGCCAAGATCAAGGCTCCAGATCTTCGCGGGAAGAAGGAGGAGCTGCTGAAACAGCTGGACGACCTGAAGGTGGAGCTGTCCCAGCTGCGTGTCGCCAAAGTGACAGGCGGTGCGGCCTCCAAGCTCCCTAAGATCCTAGTCGTCCGAAAATCCATTGCCCATGTTCTCACAGTTATTAACCAGACTCAGAAAGAAAACCTCAGGAAATTCTACAAGGGCAAGAAGTACAAGCCCCTGGACCTGCGGCCTAAGAAGACACGCGCCATGCGCCGCCGGCTCAACAAGCACGAGGAGAACCTGAAGACC
chr16,34974263,+,1,0.02552641,0.6634982,0.31097537,0.9744736,GCGCGTGGTCTGGCGGGTCAGGGCCTGATCCGGAGCGCCGAGGTTCCCAGGACGGCGGCAGCCTTGCCACAGCCCGCAGCAGCCGGGGGCCTAGGCCTGGGTGGCCGCCGGGAGCCGCAGCCCCGCTCCCCAGGCAGCGCGGCCCCTCGCGACTGCAGCGCCGCCGGCAGGACCGCGCTCCCTCAGGACCGGGCTGACCAGCAGCGGATCCGCGTGGCGGGAAGTGCAGGCCGGGGGCGCACGGGAGACCCAGGGACGGCGGCCGAGAGCGTGGAGGCCTCGAAGCCCGGGCGCCCCATCGGCCCTCAGCGCCTCTGTTCTTTAAACCCTGCCACATCCTGAGACCCTGTCCCTGCTCCGGCTGCTTTTGCCGACGGAAGCCGTCTCCTGCCGCCTCCGAG
chr8,42731928,+,1,0.027284982,0.60189706,0.370818,0.972715,GTTGTCTGGACCCCTCCCGCCAGCTACAAAAGCTCCTGCACCATGGACGTCACGTTTTTCCCGTTCGACCGACAGAACTGCTCCATGAAGTTTGGATCCTGGACTTATGATGGCACCATGGTTGACCTCATTTTGATCAATGAAAATGTCGACAGAAAAGACTTCTTCGATAACGGAGAATGGGAAATACTGAACGCAAAGGGGATGAAGGGGAACAGAAGGGACGGCGTGTACTCCTATCCCTTTATCACGTATTCCTTCGTCCTGAGACGCCTGCCTTTATTCTATACCCTCTTTCTCATCATCCCCTGCCTGGGGCTGTCTTTCCTAACAGTTCTTGTGTTCTATTTACCTTCGGATGAAGGAGAAAAACTTTCATTATCCACATCGGTCTTGGTTTC
chr5,56951789,-,1,0.027564233,0.891657,0.08077878,0.9724358,CCATGAGGGGCGGCGTGGCGACGCGGGGGTCGCGGGGCGGCGACTGGCCGTGGCGGGGCTGGCCGGGGGGCGGGAGCGGGCGCGGGAGCGGTCTCCCTCCGGGACTAGGCCGCGGCGGCTCCGGCCCCGGTCGGGCCGGGCGACCGAGCCGGACGGAGGTGGCGGCCGGCTGCAGTGAGCCCTGCCCCAGGGACGAGGCAGTGCCGTGTCCCCGGTCGCTGACGCGGGCCGCCGGCGCCTCCGCGCCTCTTCCCCGGGCCCGGGTGGGTGGAAACCGGCGGAGCCCCCCCTCCGCGGCCGGATCGCAAAGAGGGGAGCGGGCTGCGCCACTGCCCTGCGGGAGTCGTGCGCTGTGCCCCCGGCCCACCGGGCCCGGGCTGCGGCGCGAAGGAGCCGCACGC
KI270905.1,4933831,-,1,0.027925547,0.87555194,0.09652252,0.97207445,ATTAGGGACAGCTCCGGGCGCGCAGGAATTTCTTCACAGCAGAGGCTGGTCACCTGCCGTCCGTCCCTCCCCGCCTGGCCCGGTGACCGTCGCCAGAGCCTGGCGCAGGCAAATAAACGCCAAGCTGGGGCACCCCCAAGGAGGAGCTGCGATCCGAAGGCAATGCCAAGCGAGAGCGGTGGCGCGTCTGTTCTTCCGGAGTCTGTAGTCTACAAATAACTCCGGCCAGCAAGGAGGTGACAGCCCCAATATACCTCCCACTCCCCTGCTATGGCCTTGCTCCGCAAGCTGTGGAGGGGCCAGCGGAGCCAGCCAGGCAGCGAGAGAGAACGAAAGACGCCCAGCTCGTTGCAGCCGCCAACCCGCCTCAGCCGCCAGTCCCTAGTCCTCAGGAGCTAGTG
chr10,79445399,-,1,0.029096786,0.51575285,0.4551503,0.97090316,CAGCGGCTGCGGGCAGCGCGCGGGGCGCAGGGCGCGGGGCGATCACCGTCGGGGCTCGGGAGGCGGGCAGTGGGCACAGGCTCCCCGGTGCCCGCCCCTCCGCTGCGGAGGGGGGCCGCGAGCGGGCGGCCGGGGAGGGGCCGGCACCGCCGCCACAAAATGAGCCTGCTGTCGGCCATCGACACGAGCGCCGCCTCGGTGTACCAGCCCGCCCAGCTGCTCAACTGGGTCTACCTGTCGCTGCAGGACACGCACCAGGCTAGCGCCTTCGATGCCTTCCGGCCCGAGCCGACCGCCGGCGCCGCACCCCCGGAGCTGGCCTTCGGCAAGGGCCGCCCCGAGCAGCTGGGCTCGCCCCTGCACTCCAGCTATCTCAACAGCTTCTTCCAGCTGCAGCGCGG
chr5,177022702,-,1,0.029307274,0.8975876,0.07310511,0.9706927,CCCACCGGCTGGGCACCGGACACGGCTTCCCACAGGCGGCGCGCCCTCTCGCGGTCAAAGCGCACCCCGTCCGGCTCCTGGCCCTCCAGCAACTCCGAGCTGCTGTAAGGCCCGGCCGCTCCGCCGTCCGCGGCCTGCACCGTGGCCGGCGCGGGATACTCCATCTTCCCCGCAAACCCTCACCGGTAGAGAGCCTCTCAGGCGCCTAGGTATCGCGAGATTTGGTGGGTGGTACTTGGCCCAGCCAACAAATCTCGCGAGGTTTGGGCGCTGCACCCGCGCTGCCGTGCGGGACCCCGCGCTTATTTTGCTTTGCTACCTCTGGTACCTCAGAGCGTGTGCCGTGGATTCGGAAACCTGTCGCTGATTCCGCAGCAGTGACCCCCCCCTCCCGGAGAGGC
KI270733.1,130292,-,1,0.029604893,0.85844886,0.111946136,0.97039497,GCAACCCGACTCCGGGAAGACCCGGGCCCGGCGCGCCGGGGGCCGCTACCGGCCTCACACCGTCCACGGGCTGGGCCTCGATCAGAAGGACTTGGGCCCCCCACGAGCGGCGCCGGGGAGCGGGTCTTCCGTACGCCACATGTCCCGCGCCCCGCCGCGGGGCGGGGATTCGGCGCTGGGCTCTTCCCTGTTCACTCGCCGTTACTGAGGGAATCCTGGTTAGTTTCTTCTCCTCCGCTGACTAATATGCTTAAATTCAGCGGGTCGCCACGTCTGATCTGAGGTCGCGTCTCGGAGGGGGACGGGCCGCTCGGCGGACGGACGGACGGAATCGCGCCGGCCCGACCGCCCGCCCGACGCTCCGTCGGGAGACGGGCCCGGCGAGGGGGAGAGGCGACGGG
MU273333.1,619268,-,1,0.030842712,0.5467001,0.42245713,0.9691572,TTCACCAGTTTTTAACCCATCATGTGTTTGCCTTTCTTCTCCCCAGTCCCTGGCCCCACCTCTTCTGCCACAAACGTCAGCATGGTGGTATCAGCCGGCCCTTTGTCCAGCGAGAAGGCAGAGATGAACATTCTAGAAATCAACGAGAAATTGCATCCCCAGCTGGCAGAGAAGAAACAGCAGTTCAGAAACCTCAAAGAGAAATGTTTTGTAACTCAACTGGCCGGCTTCCTGGCCAACCAGCAGAACAAATACAGTAAGATCTATAGGCTCACCATCACGAAAGTGATGAATGATGTCCTGTCTTCTCTCTGAGAAACTAAGTACTCTCTCCATCTAAAATAATGTCATCCTCCCCATACTTCTAGGAAAACAGAAATGGGTATTTTAACATTTTGTTA
chr7,2670464,+,1,0.031321023,0.8334215,0.13525748,0.968679,CAGGTCCTGCCAAGAGATGATGATGAAGGCAACATCGAGCCCAAGAGGCTCGGCCCTGAGTTTGCCGCCAGGTGAGGGTACGCTTGGGTGGGAGGGCGGAGATGGGGAGGGTGGAAAGATCATGAGGGATCATCAGGACCGGCAGGTGGAGGCAGAGTGGGAGGCGGGGATGGCTGAGGGCAAGGCCACGGGCAGGGCCAGGCCTGGAGAGTGACCATGAGTGGGGGCCTGGGGGAGAGGGTGTTTGGAGGGAGGGGACACCAAGGTCACCGAGAACAGACCCCTGAGCAGTGCAGAAGAGGGGGCGCTGCAGCTGGGCACGGGGCTCACACCTGTTAATCCCAGCACCTTGGGAGGCTGAAGCAGATGGATCACCTGAGGTCAGGAATTCGAGACCAGCG
KI270854.1,24726,-,1,0.031619597,0.8283221,0.14005823,0.96838033,CGGCCTAGGGAGGGCGGCGAGGATCCGGGCGGCGGATGGCGGGGGACGGGGGCCGAGGAGGCCGGGGGACGGGGGCCGAGGAGGCCGGAGGCCGCGGAGCCTGTGAAGCAGGATGAGGAGACTAAGGAGGCTGAGGCGCCTGAGGTACCCGGAGAACTAACGCCGCCGCCGCCCAGGCCCCGCCCCCCGTCGGGCCTGACGTCAGCACGTCCCGGCGGGGTCCCAGCCCCTCGCCGGCTTGCTGTAGAGGCAGGCGCCGGGTGTGTCGCGGCAGTGCAGCGGCCGCGAAGGGGTGTTTTGCTGTATGTCATATTCCTCGTTTCGCCAGAGCGGGGGTCCCGAGCTTCGGGCGCGGGACGCGGGGGTGCTCCGAGGCTGCGAGTGGAGGCGTGACGTGACGT
chr11,94800097,+,1,0.032350156,0.82138664,0.14626323,0.9676499,TGAACCGTGCCAACAGTGGACAGGCGCATAAGGACGAGGCGCTGAAGGAACTGAAGCAGGGCCACGTCCGCTCGCTCAGCGAGAGAATCATGCAGCTGTCCCTGGAGAGGAATGGGGCCAAGCAACACCTTCCCGGCTCGGGGAATGGAAAGGGCTTCAAAGTAGGAGGGGGGCCCTCCCCTGCCCAGCCTGCAGGTAAAGTGCTGGACCCTCGGGGTCCTCCACCTGAGTACCCCTTCAAGACCAAGCAAATGATGTCCCCAGTCAGCAAGACCCAGGAGCACGGACTTTTTTATGGTGACCAGCACCCCGGGATGCTCCACGAGATGGTCAAGCCCTACCCTGCTCCTCAGCCTGTGAGAACAGATGTGGCCGTCCTGCGGTACCAGCCACCCCCTGAG
chr3,166811168,+,1,0.03296856,0.78025186,0.1867796,0.9670315,TTCTTCTCTGGCTCTTGGGTGCTGCTCTGAGCAGCGTCACCCTTTCAGCGTCACCAGAAAGCTGGCAGGCACCATGTGGAAAAATTTAAACAAGAAAAAACTGTGGTAGAGGTGCCGAATGAGGAAAAGGAGTGTGTGGTGGAAGAAGTTCTCCACTGTTGTGCGGTGAAGGGTAAAGTGGAATAGCCGCTAAAGTGGAAGGGTTTCGCAGATGAGGACGACAAACACAGGGGGAGCCAGATGAGAACGTCATTGCTGAGTTTCTGCAGTCACAGAAAACAGCCCGAGACAGATGAGTCAGAGGGAGGCAAGCACAAAGCTGTTTCCGATTCTGGAGGTAAGGGAGAGGAGGTCAAACCTAAGAAGAAGAAGTCGTCAGAAAAGCCAAGAGGGGCTTTGCC
chr6,106931777,-,1,0.03329908,0.69006085,0.27664006,0.9667009,AGATCTGCGAGGTTGTCTGCTAAACCTGCTCCTCCAAAGCCAGAGCCCAAGCCTAAAAAGGCCCCTGCAAAGAAGGGAGAGAAGGTACCCAAAGGGAAAAAGGGGAAAGTTGATGCTGGCAAGGAGGGGAATAGCCCTGCAGAAAATGGAGATGCCAAAACAGACCAGGCACAGAAAGCTGAAGGTGCTGGAGATGCCAAGCGAAGTGTGTGGATTTTTGATAACTGTACGTATGGTGACTGTACAGTTTGAAATACTATTTTTATCAAGTTTTATAAAAATGCAGAATTTTGTTTTACCTTTTTTTGAAGTTATGTTGTTAGCATACAGACCACCTCATTGTTGTTTTTTGGGGAAGGGGCATATGTCACTAATAGAATGTCTCTGCAGCTGGATTGATG
GL949748.2,112435,+,1,0.03427365,0.792349,0.1733774,0.9657264,GTTTTAAGAGAGGGGGGCGGATACATCCAATCAGCACGACACAGGTCTCTTGATTGACGTTCGGGTCCTCGCGCTGGCGTGTTGTGCCCTGAGGCGGGAGGAGGAGGAGGAGCGGGGAGGAAAACCTGAGCCAATCCTAGCAGCCTGCGCGGGAGGCCAATCGAACGCCGCGCCTTGGAGCGATCACCCAATCCGCGAAAGGGGGCAGGGCGCATCCCTGCCAGGAACCAATAGAAAGCCTCCAAGGGTCAGGAGCGACGTTCAGCAGGAGCAATGACTGGCCTATATTCGGGACTCGGGGGCGGGTCGGCGCCAGAGACGAGAAGAGAGGAGGGGAGGCCTCCTCCGCCGCCGCCATCTTGGACCGGGCCCGGTCAGCTTCCGCGGAGCCATCGGCAGAC
chr3,14158636,-,1,0.035083394,0.7046688,0.2602478,0.9649166,TTCCAGCCAAGTTCTAGAAAACCACACCAAACCAAAGACCAGCAAAGGAACCAAACAAGAGGAAACCTTTGCTAAGGGCACCTGCAGGCCAAGTGCCAAAGGGAAGAGGAACAAGGGAGGCAGAAAGAAACGGAGCAAGCCCTCCTCCAGCGAGGAAGATGAGGGCCCAGGAGACAAGCAGGAGAAGGCAACCCAGCGACGTCCGCATGGCCGGGAGCGGCGGGTGGCCTCCAGGGTGTCTTATAAAGAGGAGAGTGGGAGTGATGAGGCTGGCAGCGGCTCTGATTTTGAGCTCTCCAGTGGAGAAGCCTCTGATCCCTCTGATGAGGATTCCGAACCTGGCCCTCCAAAGCAGAGGAAAGCCCCCGCTCCTCAGAGGACAAAGGCTGGGTCCAAGAGTG
GL000253.2,51863,+,1,0.0350837,0.8433854,0.12153086,0.9649162,CCACCTGAGCTCGACCACAAGAGCTCGAGGAGGGAAGCAGGGACGCGGTGGGGTGCGCACCTGCGGCTGCGGCAGCAAAGGCGGAGGAGGAGCGAAGTGGACGAGCACCCGAGGCTGCCAGAGGATCTGGGCAGCCTGGGTGCCCATCTCTGCTGCGTTTCCTCGGTGTCCACGATAGGTGAGAGGGCTCATTCCCTGTAGGAGAAGTGAGCTGAAAACACTTTCCCCGCAAGATCTCCCTCGTTTTACTCAAGGTAGTCGCGGCGTTGAGAACGCCTCGCAGCTCCTTTACTGGCTGGGGTACTGGGGAGCAGGGGTACCCTTGAGTTTTGGTACAGGCGGGTGGTATTGGTGGCTTCCGAGGAAAGGACAGAGAAGCCGCCTATTTCCAATCCCTACTG
chr4,110293335,-,1,0.036132157,0.6354737,0.32839411,0.96386784,GCTGACACCGTTTCCCAAGGGAACACCTGCTCTCTATCCAAGCCCCACTGCTTTTTGTCCTGGGCCTCGGGCTCTGCCTCCGCCTCTGCCTGGTTAAGCTCGTTCAGGTACAGAAAGACCTGCTTGTTAGGGGCCAGCCGGTTCCTCTTGGTGTTGACCATTTGGCTGCGGAGCCAAAGAGATGCTCCAGCACAACGCAGGTGGCCAAGCACCTTCTAAAACTTGAAGTCCCTCATCTCCTCCACCACCTGGGCATGCCCTTCCTCCTGGTCCTCCAGGCCGCTGGTCTGGCGGCAGATCTCAGCCAGCATGCTGTTGATCATGCAGGAGGGCTGAGGCACCGACGTCCCCGTGAGCTTCTTCACGGGACGTTTTTCCGGCAAAGGGTAGATCTTGCATTG
chr17,72592700,-,1,0.0363354,0.84660137,0.11706323,0.9636646,TTCGGCCTTCCCCACCCCCTCCCCGCCCACCCCGCTCCGCCCCGTCCCGGCGCGGGTCCGCCTGGTATATAAGGGCCGAATGGCCCAGCCGACTGCAGGGCGCGCAGGCGGCGCGGGTGCGCGGTGCGGCGCTGGTATCCAGAGGACGCGGTCACCGCCTCTGGCATTTGTCGTTCTGCGCTTCTCCGCAAGGACCCTCTGTTAGGCAGGCGCCCACCGTAAGCCTCCCGGGCCTTGTGAACCTGCAAACCCAAGTCTGAGAGACGATCCGCCTTCAGCGCTTTCCAGCTTGGCAGAGAGGCTTTCCCGGCGGGGATCTTTGGTTGGCGCTGGCGATGCGCGGGGAAGAAAGGCGAGGAGCGGCGTCCAGGCTGGGTGATGTCCCAGCACGAGTAGGCGGG
GL000251.2,3362098,-,2,0.036552783,0.46667466,0.4967726,0.9634472,CCCTGAGCAAGGTGGAGGCTGGATTCAAGGGCCCAGCTGCCTGCACCTCATCTGTTCCCCTCCTACCTCCACAGGAGGAGAACATCTGCCTGCACTGGGCCTCCTTCACGGGCAGCGCCGCCATCGCCGAAGTCCTTCTGAATGCGCGCTGTGACCTCCATGCTGTCAACTACCATGGGGACACCCCCCTGCACATCGCAGCTCGGGAGAGCTACCATGACTGCGTGCTGTGAGCCCCTGCCCCGCCCTTGATGCCCCTGCCCCCACTTCTTGCAGCCTCAGACCCTGCATTGGGCATCCTGTCCCCTCTTCAGGTTATTCCTGTCACGTGGGGCCAACCCTGAGCTGCGGAACAAAGAGGGGGACACAGCATGGGACCTGACTCCCGAGCGCTCCGACGT
GL949748.2,963238,+,1,0.03659508,0.5462292,0.41717565,0.96340483,CTCCTGGCCGCGCAGGGCCTGTGGGCGCAGACGTCCGTGCTTCACCGAGAGGATCTGGAAAGGCTCGGGGTGCAGGAGTCCGACCTCCGTCTGTTCCTGGACGGAGACATCCTCCGCCAGGACAGAGTCTCCAAAGGCTGCTACTCCTTCATCCACCTCAGCTTCCAGCAGTTTCTCACTGCCCTGTTCTACACCCTGGAGAAGGAGGAGGAAGAGGATAGGGACGGCCACACCTGGGACATTGGGGACGTACAGAAGCTGCTTTCCGGAGTAGAAAGACTCAGGAACCCCGACCTGATCCAAGCAGGCTACTACTCCTTTGGCCTCGCTAACGAGAAGAGAGCCAAGGAGTTGGAGGCCACTTTTGGCTGCCGGATGTCACCGGACATCAAACAGGAATT
chr8,30812633,+,1,0.03701151,0.84898496,0.114003465,0.96298844,CCCGATGCGGATCCCGAGCCCCAGCCCGGCCGCCGCCCTCCCCCCTCCCCACCCGCCCCCGGCCCCGGCCCGGGCGCCGCTCCCCTCTCCCTCCGCCGCCGTCGCCAGGTCCCACAGGGGGAGGACTGAGCCGGGTAGGGCGGCCGCGGGCCCCGCGCCCCGCCCAAGCCCAGCAGGCGGCTCCGAGCGCGCAGCCTGGAGGAGACCCCCGCCCGCCCTTCCCCGCCCGGCCGCGCGCCGCGGGAGTCGGTGAAGGACGCGGTGAGGTGCCGGGGAGCGCGGCGCGGGTCCTCGGCCTAGCTCTCGCCGGACGAAGGCCGCCCGCTGCCGCTTCAGGCCCGCCTCACGCCTACCGGCCTCTCCCGACTTGTCTTTCCCCTTCTCTCGCTCTTTCTCTCCCC
chrX,64190456,-,1,0.03815944,0.54349643,0.4183441,0.9618405,CCTGCACCCTCGACCTCCACCTGCTGCTATGGCCCTCAACAGGAGAAGCCGCTCTCTCGACACTGCAGAGACCCTGGAGATGGAGCTCTCCAATTCCCACTTGGTCCAGGGCTACCTCGAGTCTGATGAGCTGCAGGCCCAGCAGGAAGATTCAGATGAGGAGGACGAAGAGGAGGAAGAAGGAGAATGGAGCCGAGACAGTCCCCTTTCCCTCTATACTGAACCCCCAGGGGCCTATGATTGGCCTGCTTGGGCTCCCTGTCCTCTTCCAGTGGGGCCAGGTCCTGCCTGGATAAGCCCCAACCAGTTGGACAGGCCTTCCAGCCAGTCTCCATATAGGCAGGCAACCTGTTGCATACCTCCTATGACCATGTCAATATCACTATCAGTGCCAGAGTCAA
chr15,66252910,+,1,0.038736004,0.8816275,0.079636514,0.961264,TTTTTTCTAACAAATTAGGAAAATAAACCAAGTCCAGGAGGAAGGCGGCTGCGCTCGGCAGCTCCAAGGAGCCACAACCACCACCCATTTCCCCACCTCCAACACTACCGCCCACGGCTGGGCGAGAAGTTGGGAACTTCGGGACCACGCTCCAGGCGCGCGCAGAGAGTCACTTGCTTCTCCTTTAACTTTGGGAGCCAGGGTCGCAGTCTAGGGCAGGAGGATCGTCCTGGGAGCCAACCAACAAGGCCGTCCAGGTCCTGGACTTCCCGGAATAGAGTAACGGCTATGGGATGGGAAAGAAATAGGGGGATACACGTTCCGCCTCCCTTCTCCCAAAAGCAAAAGCGTGCATGGCACTTGCTGGGGCTTAGCGGCCGCGGGGCGCATCGCCGGCCGCC
ML143376.1,371212,-,1,0.03921368,0.6843029,0.27648336,0.9607863,CCCAACTGTGTATGCCTTGCCTTCCCCTGTCCCCACAGTCCTGGAGGTCACAGTCCTGAACACAGAGGGCCAGGTGCAGGAGCTGGTGTTCCCCCAGGAGGAGTACCCGAGAAAGAACTCCATCCAGCTGTCTGCCAAAACCATCAAGCAGAACAGCCGCAATGGTCAGTGTCCCCGGCGGGGCCTCGGGTGGGGAAGCAGCCCCACCCCCACCCCCCAGCTCTGTGCCAGCGTCTCTGTGCCATTTGTAGAGGGCAGCGGTGCTGACCTTTTCTCATGCTAGTGTAAAATTTGAGGGGATTCATGGGCCCTGAAGTGCTGCAGAGCCCTAAGGGTGAGCCTTACAGTTGCAAAGCTGGCTCCTGGGCCTCACAGCTCAGAGAGGATGGGGCCATTGAGAT
chr15,23687470,+,1,0.039227612,0.8519313,0.10884106,0.96077234,CTGCGCTCCCTCCGCGGATTCCTGGAGAGGAAGTGCGCGTTGCTGCGCGCGGCGCCTTCCGCAGCGACGGGCAGGGCGGGGCGGCGGCGGGACGCGGCACTGCGCCTGCGCGACCGCGGCCTTGGCCAGCGGCTGGGGGCGGGCGGGGCAGCGCGGGGCCCCGACGGGGAGGGTCCATGGCGAGGCTTCACCTGCTGGGAGAGCGATCCCGGGGTTTCCTGTTTGGGCTGAGAAGATCTAGGGCAGGAGAGAAGTGAGATGGATGCGTACTGGAGAAGGGGCCAGTTTAAGGGAAAGATACCTTAAGTTTTTGGGATGTTGGGGTCAAGTTTCTTGGGAAACGCTTACCTGGGTATATCCAGAATTAAGTTAAATATGAGAGTCCCAGAGAAAGGTCTGGG
KI270905.1,943323,-,1,0.03940414,0.7206265,0.23996945,0.9605959,CGGCCCAGGTGCGGGCGGTCACATGGGAGGCACTGACCATGGAGTAGGCGGCATCATCCACGTCCTCCACCACCTCCTCGTCAGAATACTCGTCGGACACCGTGTCTGCATCTGAGAGCTCCGTGACCTGTATGTCGGAGTGGTCCAGCAGCCACCCGACCAAGGCTTCCACACCTAAGAGAGGCACACACAGCACAGCAGCCACTGTGAGTCAACAGCCCTGAAGCGGGAACCCACACACGTACAAGCAGAGGCCAGGAAAACGAAGTACCAGGCAAGCCGGACGCATTCCCGGAAGCACCAGTGAGAGACTTCAGGGCAAACTCGATGTTCCTTCTGGAAAATCCCATCTCCATGAGCTGCACCACGATCGGCAGAGCGGGAACGGGCGACTGCTTGCG
chr15,70585622,+,1,0.039736044,0.8234548,0.13680913,0.9602639,TCCAGCCCGAGCAGGGTCGCTGCCGCGGCGGGCACCAGAGGCCGAGCCCCGCGGGTGAGGACCCCTCCCCCGGCAGCAGCAGTTCTCAGGAGCGCAGGGTTTCAGCGTCAAGGGGTTCTGGGTTCCAGGCGGGACTGGACAACTTGGGAGCTGGGTAGCTGGGACGCGCTGGTCCCCTCTGTGAACGCGCTCCATCCGCAGATGGAAATCCCCTTCCCCCCTCCCCCCCTCGACCCCAGCCCACAGCTAACTTCCCGAGCTCTCTGAGAACCACAGCAGTCGAGGTAACGTCTTTGGCAGCTCCTCTCCTCCCCGCCCCCAGTCTCTGCACAGTGCCCTGTCACCCCAGGTGACCTCACCCCTCCCTCTCCAGAGCCTCCTCTGTCTCTCTCCCCGCAGCC
GL949747.2,112773,-,1,0.040140178,0.81893355,0.14092633,0.95985985,GCTGCAGAGGCGGCGGCAGGGGGCAGGCGAGGGGAGGCCATGTCGCGACAGACGGCGGTGTCGCCAGGGCGGGAGGCGGCGGGGAGGGCGGCCGATGGCGCCGGGGGGAGGAAGGGAAGGGGTCCGGCCCAGTCGAGCCTGACGCTCTCACCACAGGAGCTGGCGCCGCCGCTGAGGAGCGTATCGCGACAGGCGGGGGAGGCGAGCGCCCGCCGCCTTTTTCTCGCGCCCCGGGCCCGGGCGCTATCGCGATAGCGGCGCGAAGCGGAAGTGGGGTTGGGGGAGTGGGCCCGGGGTTGTTCTGACGACGGGGGTCGGGGCTCAAGGGAGGCCGCGGCGTCTGCCGATGGCTCCGCGGAAGCTGACCGGGCCCGGTCCAAGATGGCGGCGGCGGAGGAGGC
chr17,27456590,+,1,0.041759394,0.82575613,0.13248448,0.9582406,GGCCGCCCTGACCCAGCCCCCGCCGCCGCTTAAAGGCTCCGGGAGCCGCAGCCGTCGGGTCGCCGCGGCTTTCGCTTTGCTGCCGCGGCTGGGAGGGTGGAAGCGGCAGACTCAGCGGCCGGCTCTACCGGCGTCCCGGCTCGGGCAGCGCCGAGGGGCGCTCCTGGTCCAGCTCTCCTGGCTCGGGGGTTCCTTGCCGAGGCGCCCGCGCCCCGGGCTCCCAGCCTCGGCCGCCGCGGCCCCGATGCCGAGGCATGGATAGAGCAGCGCTGCGCGCGGCGGCGATGGGAGAGAAGAAGGAGGGCGGTGGCGGGGGGGATGCGGCGGCCGCGGAGGGAGGCGCAGGGGCCGCGGCCAGCCGGGCGCTGCAGCAGTGCGGGCAGCTCCAGAAGCTCATCGAC
GL949752.1,743867,+,2,0.041980382,0.40933996,0.5486797,0.9580197,TAGGGTGGAGGGTGAGACAGAGAAAGAGAGCATTAGGCCATAGAGCAGGGGAGTGAGTTCTCAGGTCAGGTGTGAGGGGAGCTGTGACAAGGAAGATCCCCCCTGAGGAAACTGCCCCTTCTCCTTCCAGGTCTATATGAGAAACCTTCTCTCTCAGCCCAGCCGGGCCCCACGGTTCAGGCAGGAGAGAATGTGACCTTGTCCTGCAGCTCCCGGAGCTCCTATGACATGTACCATCTATCCAGGGAAGGGGAGGCCCATGAACGTAGGCTCCCTGCAGTGCGCAGCATCAACGGAACATTCCAGGCCGACTTTCCTCTGGGCCCTGCCACCCACGGAGGGACCTACAGATGCTTCGGCTCTTTCCGTGACGCTCCCTACGAGTGGTCAAACTCGAGTGA
chr19,33623248,+,1,0.042153478,0.7185639,0.23928262,0.9578465,GCCGGGCCAGGAGGGCGATCACGGGTTTTGGCAGTGCCCGATGCTGGGGCTTGGGTCTGATGTGACCCCGATTCCTTCTCCAGTGCGGGACTCCCGCCGCCCTAACTTTCGCGTACATCTTGTCTCCAGGCCCGCGACCCCGACCCGGAGTTGAAGCGGCTGCGGCGCCCTCGGCTGTGGGCGCTGCTGCCCGGCTGTCTGTTTTAACCCAGAAGTAGGCGCCGATCCTGGGGCTCTCTGTCCTGCAGTCGTCTCCGGCGTCCCAGAGGACTCTGCGTCCCTGGGCCACTCCCGCTGGCTCAGGAGCCGTGATCAGCTCCGTTAAGGGGAACGCGCGTCCCGGCCCCTCTCCATCTGCTTGGCGCGATCTGGCGCAGCAGCAGAGCACGTGGGAGAGGCGT
GL000220.1,160560,-,1,0.04476348,0.82505924,0.13017732,0.95523655,AGGGCGGGGGGACGAACCGCCCCGCCCCGCCGCCCGCCGACCGCCGCCGCCCGACCGCTCCCCGCCCCCAGCGGACGCGCGCGCGACGAGACGTGGGGTGGGGGGGGGGGCGCGCCGGCGCCCGCCGGGCTCCCCGGGGGCGGCCGCGACGCCCGCCGCAGCTGGGGCGATCCACGGGAAGGGCCCGGCTCGCGTCCAGAGTCGCCGCCGCCGCCGGCCCCCCGGGTGCCCGGGCCCCCCTCGCGGGGGACCGTGCCCCCGCCGCCGGGGCCCCGCGGCGGGCCGCCGCCGGCCCCTGCCGCCCCGACCCTTCTCCCCCCGCCGCCGCCCCCACGCGGCGCTCCCCCGGGGAGGGGGGAGGACGGGGAGCGGGGGAGAGAGAGAGAGAGAGGGCGCGGGGC
KV880768.1,1347498,-,1,0.04652039,0.8441483,0.10933132,0.9534796,GAGCTGTCCGCGGAGCAGATCGCCTCCCTGGGTCCGGAGAACGCCGCGGCGGTGACCCACGCCCAGCGCCGGCGGCTCAGTCCACTGCAGCTGCAGAGCCTCCAGCAGGCGCTAGATGGCGCCAAGACTCACTCCTGGCAGGACGCGCCCGCTAGCGCCGGTCCCACTAGAACCTCATCCTCGCGTTCTCCCGCAGGTGAGCAGAGCCGCCCTCTGCCCCGCGTCCCAGCCCCACTCTCCTTCCTTGTCCTCCCTGTCAGGCCTGGGGTGGGGAGGTTCTTAAGATTCAGAGCGAGGTCTCTGACAGTCACTGGGGATTCTGCCCTCAGTGAAAAACCCAAAGTCCCTATCAAGCTTCCCTACCAAGCTTCAGAATTAGTGATTCTCAACTATGGCTGCCC
chr3,187741539,-,1,0.047301855,0.57625455,0.37644362,0.9526982,AATGGTAGGCTGGTCTGTAGCCCTCTGTGAATCAACATCGAATGGCGCGTGCCGGTTTCCAGCACTGCGCAACAAGTGGGACCGCCGCTGCCGCCGCGAGCACAGCGAGGGTGCAGCGTGGTGGCAGAACTGGCTGGTTTCTCTTTGCCCCAGTGGAAACCAGGAACGGCCCCTCCCAACCCTCCCGATGTCCACTCCGAGACCCACAACTTCACCAAAAGACCATACCCGACTCCCCACTCCCCCGCTTTGCCAGGCGCAGTGAGCCTGAGTGGGATCCAGCACTCGGCCCCCAGCGCCCCTTTCCTCCGAGAAGATCAGGAGTTTATTCCCGACTTTCTTTGCTGGATGACCAGTGTTTGGCAAGAATCTCTGCCAATACTGTCGAGTGCCATTCTGCC
chr3,67513993,-,1,0.0480039,0.5986755,0.3533206,0.9519961,GAGTTTTTAGGGGTGAAATTAGGATAGACATTTGCTGATCTTGCATAGGTCCAACAAATCAAGGCAGGATCTTCAATGAGCCGTCAGCAGTTAGGGTCGTTGTACTGAAGCAAGTACTGCTGTTTCAGCTGTGCTCTTATGGCCAACCGCTCGGCTTGCGCCTGCTGGGTTTCCAGGGATATGTCGTATTCCGCTGGGTAGAGGGTCGAGGGTGGAGTGGCCAGGCGCGATGGAGTATACTTTGGGAATGGCATCTTGGCGATGCAGCGCACAACTGTGCCTGCACGATTCTGAGGCCATTCCTCCTTATGCTCCTTTTGAGACATTTTTAAAGATTTTTATAAACTTGTCAGATTTTCATGTACGTATATTTGATTTTACGAATTTTAATTTTTAAAAAT
chr4,144646317,-,1,0.04845362,0.5949156,0.35663077,0.95154643,CAACTTTGCAAAAAATAAAAGACGCGGCGATGGGTCCAATGCCTTAGGGGAGCCCGAGGAGCGAGATAAAGTTGTGCGGATGACACCGTTTGCAGTTGTGCCAGTGTCAGTTGGGTTGGGGGCTTTCTGCTGCGGCTGGGAAGTGGGAGGAGGAGAAGGAGTTGGAAGAGGAGGAAGAAAAGGAGAGGACAGCCACAGATGTTCACTTGTCCGTGTAACGGGAGTTGTTTAGGTGGGACAGTAGCAGGAACAGAAACGGCGACGGCGGCGGCGGGGCAGGCGGAGGCAGGGCCAGCGCTGGGCTCTAGATGATGCTGAGGTCTCCTCTGCCGGCGGCTGCAGCTTCTCACACAGCCTCTCATGTTTCGTTCCCTCTTTTCTTCTTCTTTTTAACTAGCGCG
chr19,12836362,-,1,0.0489659,0.5474038,0.40363023,0.95103407,CCCGTTGTACAACGGACAAACATATAGGCGGGGCCAAAGGGCAGCCCTGCCCTCCCGAGCCACGGGTGACCGATAATCCAAACCAGGTTTTCCCTCTGTCTTTGCATGACCGGAGTGAATGAGGACCAGTCGACCTGGCTGCGTGTCTGCAATGGCCCAAGCGAAATCAAGACCTGGATTTTCTGGCCACAGAGCCCAGGGTGTCCAGATCCGGGTAACCGGCCTTGGAGGGTAAGCCCCTGGAGGGCTTTTAAGCACCACCCGAAGAAGACCTGGAACCCAGCCCCACCCGCTAGCGCCCCCAAACATTCTAGGGACGAAGAAAGGGTCAAACTGGAGCGGCGGAAGTTCGGGTCTTTGGCGTCAGTGTAAACAGACGCCACCTCCAATCTCAGCTGCAG
chr19,4409517,+,2,0.04926498,0.43738213,0.5133529,0.950735,GAGAGACCCTTTCAGACATTCCTTGCAAAACAGAGGAGGAGGGTGTTGGCTGTGGAGGTGCAGGGAGGAGAGGCGACTCCCAGGAATGTTCGCCACGGAGCTGCCCGGAGCTGACGAGTGGCCCGAGAATGTGCCCCAGAAAGGAGCAGGACAGTTGGAGTGAAGCTGGGGGCATCCTGTTCAAAGGGAAGGTGCCTATGGTGGTCTTGCAGGACATCTTGGCTGTGAGACCACCGCAAATCAAGTCCCTTCCAGCCACACCCCAAGGCAAGAACATGACCCCTGAGAGTGAGGTGCTGGAATCTTTCCCCGAAGAAGACTCTGTACTCAGCCATTCGTCCCTGAGCTCTCCCTCTTCCACCAGCTCGCCCGAGGGGCCGCCTGCTCCCCCAAAGCAGCAC
chr13,30541911,-,1,0.050142128,0.7905066,0.15935135,0.94985795,CTCTGGATGCGCTCAACACCAAGAGGAGAGTCAGGAGGAGCAGGAGGCATGGAAAGTTCAGAAGCTAAAACAAACAAGGGAGCAGAGACGAGGAAGAAGAGCTTGAGAAGGAGGAAGCAGAAATTGAGCACCTGCGGAAGCTGGCTGAGGAAGAGCAGCAAGCTGAGCTTCAGGCATATGGCAAGGTCATTACCAGCAAAGCCATTCAGGGCAAATATGAGAAATATACAAAAGAGATTTCAGTGCCCCCACCCTGGAGGATCATTTCAACAAAGCCATGCTTCCTAAAGTCATGCAAGAACTTTGGGCACTCTGGTTATACCAAATACACCCATGGTGGGCATTGAGATACCACTTCCTTCTACCCAACACGGGGCCAAGAGAGTACCCAGAACACAAAG
chr4,4389277,+,1,0.050215572,0.63117003,0.31861436,0.9497844,CAGCTGCTCGGCTGAGGAGCAGTGGCGCCTGTGCCAGGAACTCCGTGTCCTGAGGCAGCACCTCTATCAGGTGATTCCCCTCACTTGGCCTGAGCCTCCTCTCTTGTCCTCAGTCTGTTCCATTCCAGAACCATTTGGCACAGTTGGTTTATACAGGGAGGAGGGTTTCAGGCAGGTATGAAATCCTCACCAACTAATTAGGTCGACCAGGAGTAGCCTAGGCAGCTCGGAAAGGTGATGAGTCTGCTCTCTCTGCAAGCGTCCGAAGCGGGGCAGCCAGCAGGGATGCTCTTCTCGGGTCCAGCCAGACCTTCCATCCCGGACTTCCCGCCGGGACTGAGTGTGGGTACAAGGGTTATGGCTCTTGGGATCATTTTCCAGAAGGCTTCTAAGGTCACAAT
chr5,135536217,+,1,0.05040067,0.89337325,0.056226015,0.94959927,CCTCCCTTGCCACCTCCGCCCCCGCGGCAGCCCGGGTGAATGGAGCGAGGCGGCAGGTCATCCCCGTGCAGCGCCCGGGTATTTGCATAATTTATGCTCGCGGGAGGCCGCCATCGCCCCTCCCCCAACCCGGAGTGTGCCCGTAATTACCGCCGGCCAATCGGCGGCGTCGCGCGGCCCCGGGAGTCGGCTCGGGCTAAGCTGGCCAGGGCGTCTCCAGGCAGTGAAACAGAGGCGGGGTCGGCGGGCGATTAGCGGCCGAGGCACGCTCCTCTTGGGGCGGGCTGGGCGCCCCTCGCTGGGGTGGGACGGGGAGGCGGGGCGCGAGCGCGAAAGTGTGAGCCGCCCAGTGAGTTGCGGAAACCTGGAGGGTACTTGGAGTTTGGGTTCGCATCCCCTCT
MU273333.1,798154,+,1,0.05070626,0.6081517,0.34114215,0.94929385,AAATTCGCGGGCATGGCCTCCGGTCGCCTCTTCCCAAGGCCTAACGAGCGCCTTCGCTGGCAACGGAGGTGAGGAGGCTCCGCTGACTGGCTGGTGCCCGTGTCCGGGGCTGCCACAAACGCCACGACTTGGCTTGGCCTCTCTCTTAGTTATTCGCAGCTCAGCCCGATGGGCGTCTCCGGGGTGGCGACAGGAAAGAAGGTGGGCTTATTGGGTGCAGCTCCACGGGGGCTGGCATCTCTGCCGGGCTGTGTACACCTGAGCGAGACGCTCAGTCGCTCTCTAAAGCTGCTCCCGCGGATGACGGACACGGAGATAAACAGGAACGGTGTGTCGTGAGAGGTGGTCCACCAGCACTTGCCCTCCTTCGTCCGGCTTTAACCCCGCTGCGGAGACTGTTC
chr10,133667547,-,1,0.05140052,0.8167012,0.13189828,0.94859946,AGGCGCGCAGGGCACGTGGGGTGCGGGAAGCCCCGTTCCCCACGCGCCGGTGTGGGCGAAGGCGACCCACGAGGGAGCAGGGTGACCCCCGCCGGGGGCCGCGTTGCACAGGCCGCCTGCCTGCGCGGGCGCCCTGCCACCCTGTCCCGGGTGCCTGGCCCTTCGATTCTGAAACCAGATCTGAATCCTGGACTCCGGGAGGCCCGTCTCTCTGGCCAGCTCCTCCCGGGCGGCGATGCCTGGAAAGCGATCCTTCTCAAAGGCTCGGAGGAGCAGGGCGGTCTGGGATCCGGTGACGGCGGTCCGCTTTCGCCGGCCTTCTGGCGGGCCGCGTCTCCCGGGCCAGGGCCGAGATTCCCGCCGGTGCTGCCTCAGCTGGCGTGACCTCTCATTCTGAAACC
KI270846.1,322994,+,1,0.05144438,0.6170044,0.33155125,0.94855565,CACCCACGGCGCTGAAAGTGGCATTGGGGTGGCTCTCGGAGATGTTGGTGTGGGTTTTCACAGCTTCGCCATTCTGGCGGGTCCAGGAGATGGTCACGCTGTCATAGGTGGTCAGGTCTGTGACCAGGCAGGTCAACTTGGTGGACTTGGTGAGGAAGATGCTGGCAAAGGATGGGGGGATGGCGAAGACCCGGATGGCTGTGTCTTGATCTGGAGTCAAGAGAAGGGAGTCAGAGGTGGGGCAGGTGTGGATGTGGGCGGAGGCATGGTTCCCACCCAAAGAGTAGCAACTGCCTCTGCCGAGCCCAGGGGTCCTGCCGCCCGAGCCCCTGCCCTTGGCCGCTCTGGGAAGCCAAGGCTCAGGGAGTAGATGGCTGCATCCGGGGTGGCGAATGCCAGAC
chr10,43001096,+,1,0.051488157,0.52409047,0.4244214,0.94851184,ACAGTGACAAGAGGAAGAATGTGCAGCGCCCTTCAGGAGCGTGGTGGGGCCCCAGCAGGGGAGGAAGGCTCCAAGGGGGATGACAGCATGGCTGTGGCAACGACAGTTCCATGATGGCAGTGGGGGTGGCGGTGGGGGTGGCTGACCTAACACAGGGGAGGTAACTGTCCAACAGGAGCCAGGCTCAGCCAAGGAGTACAGCCAGGAAACCTCCCCTTCCCTCCCCCTGCACACCACCCTGGATGAACTGAGGGGCCACCCAGGCACTGGAGCCTCTGCTGCTGTCACAGAGTCAGGCTTTGGGCATGGAGCAGCTGGCAGAGGGGTGGGTGCTGAAGGGCAAGTGGACTCCATGGAGAGGGCCCTGATACGGGGAGGCTCTGCTGGTCTCCGGGAGCAGG
GL949752.1,230420,+,1,0.051792398,0.7205797,0.22762792,0.9482076,CTGGGTCCCTGACTGAACCCGCTGGGCTCCTCACCTGCGATCAGGATGTCCAGGGGGTCGCTGGGGGCCGACCACCTAGGGGAGAGGTTGTGTGCACCGTAGCATCTGTACTGGCCCCCGTGGGAGCGGCTCACAGGGCCCAGGGTGAAGTTGGCCTGGGAGAGCCCAGCCTGGGGCTGCTGGCCAGAGCCCTGGACGAGGTCATGTTCCCCCTCCTTGTACAGAACGAATATGTCATAGCCGACATCAGAGCGACACTGCAGGGTCAGGCTGCCTCCGCGGGCCACGACAGAGCCCTGCGGGATCAGGAGGGAGGGCTTCCTAGACACGCCTGGAGGGAAAGAGGAATTGGGACTTGGAAGGCTGGTTCCTCCCCCGCCCCTTCCTTCTCCCGTCCTGGC
chr2,85616114,-,1,0.05228527,0.76234734,0.18536738,0.9477147,GCCTCAGGCTCCCGCTCCCGATCTCGCTCCCGCTTGACGCGACCGGAGCTGCCCCGCGACTCAGACTCTCGCTTCCCGCGAGTGGAACCGCGAGACTCCCGCTTAGACCGGCCGGACATCTCCACTACCGGCCGAGTCGTCCAGCGCAGGCGCCAAGCACGCTCGAGCGCGCGGCACAAGGCCAATCAGGAGAGGGGCTGGTAGCGAGCCCCGAACTCTCTACGAGTCGCCACTGGGGACAAATCACGCTGCAGAAAATTTGTGGGCGGTGCTGTTCCTGCACTGGCTTCCTCTCCCCTTAGAACCTTCTGTGGGCCTACTGTCGTTTACAGTTTACTGAGACGGGAACCTTTACTGGCGACAGTTTTCTGGATAAAAGCTGTCAGGCCGGGCGCGGTGGC
KN196479.1,299576,-,1,0.052522745,0.48299018,0.4644871,0.9474773,AAGGGGCTCTGCAGAAGGAGCTCTGAGAGAAACAGCTGGCTCAGAGGGTCCTGGCCCCACGAGGCCACCTGTCTGTCCACAGCGGCCATCATGTTTGCTGCCAACCTGACTCTGGGGCTGTACATCCACTTTGGCCCCAGGCCTCTGAGCCCCAACAGCACTGCGGGCCTGGAAAGCGAGTCCTGGGGGGACTTGGCGCAGCCCCTGGCAGCACCCGCTGGCTACCTCACCCTGGTGCCCCTGCTGGCCACCATGCTCTTCATCATGGGTAGGTGTGGTGGTGGCTCAGAGGGGCAGGCTGTCTTGGGTGTTAAGGGATGGGTGATGTGTCTGGGGTGGCTGGAGAGGGGGGTCTCCAGCAGCTCAGCGGAGACAGACACAGCCGCCTCCAGTCACCCCAC
chr15,75392498,-,2,0.052785538,0.3885147,0.5586998,0.9472145,AAGAGGCAGACAGGCATTCAGAAGGAGGACAAATATAAGATAAAACAAATCATGCATCATTTTATTCCAGATTTGCTCTTTGCCCAAAGAGGTGATCTCTCAGATGTGGAGGAAGAGGAAGAAGAAGAGATGGATGTAGATGAAGCCACAGGGGCAGTTAAGAAGCACAATGGTGTTGGGGGCAGTCCCCCTAAGTCCAAGTTACTGTTTAGTAACACAGCAGCTCAAAAATTAAGAGGAATGGATGAAGTATACAACCTCTTCTATGTCAACAACAACTGGTATATTTTTATGCGACTGCACCAGATTCTCTGCCTGAGGCTGCTACGGATTTGTTCCCAAGCCGAACGGCAAATTGAAGAAGAAAACCGAGAGAGAGAATGGGAACGGGAAGTGCTGGG
KI270848.1,136498,-,1,0.054276496,0.82612616,0.11959729,0.9457235,CTTGGAAGTCGCCCGGCGCGGGAGCGCGAACTCTCGCGAGAATGCCGCCAGCTCCGGAGGCGACTGCGGCAGGAGCCCGAGCTCTCGCGCGACAGGCACCAATTCGTTAGACGCGCGCTGCAGGAGCGCGGAACATGGCGCGGCACGGGCCACCGTGGAGTCGGTTGGACGCGCAGCAGGAGCGCGACGTGCGGGAGCTCGTCCGGGGTGTCGCCGGCCTCCAGGACGAGGCAGACCCCAACTTCCAGCTCGCCCTAAACTTCGCCTGGTCCAACTTCAGGTGTGGGGCACGGCGCGCGGGCGGGTTCCCGGCCACAGCCCGGAGCCCGCGCGTGGGTCCCGCACAGCCCGGGGTCGGGGCGCGCTGGGGCAGGGCATGGGGCGGAGGCGGGCGCGGCCTC
ML143373.1,268373,+,1,0.05447034,0.68464905,0.26088053,0.9455296,TGGCTTTCATGTCCCTCTAGCCATTTCTTGCCGCCATGCACTTACAGGAGAAGGACTCGCAAACAGCGGGAGCACCGGGAAAGCCTGGGACTGCCGCCCCCCACAGCACAGCGCTCGGCACAGCGTTAGGGACAGAAGTCACCGTTGTTGAGCCCAGGGCAGCGATCCCAGCTGGCTCGGCCCCCGGGAAGGGAGGAGAAGGACCGGGTCTACTCCCCGAGGGCGATGCTCCCGGGGCAGGGACAATGGGCAGGGGACCCCGCGGTGTGGCGGAGGAGGCGGCGGCCCTCCCCTGCAGGTCTCGGGAGCCCGGCGGCGCTGAGAGACAGGCGGGCCGCCTGGAGCGCGGCGCTCGGGCCTCAGCGCGGCGCAGCCCCCGGGCCCGTGCCCCGCTGGTCTCG
chr10,69837640,-,1,0.05462979,0.61072206,0.3346481,0.9453702,GCTTCCTTTGGATAATGAAATCTGTCTTCTTCTCTGCGTTTATTTATTTATTTGGCAGGATCGCCGTTCCACGGGAACATGATCCCACTGCCTTAAGGGGCCACTCCACAAGGGGGACAACATGGAGGATGATGAAGCAGGAGGGTCAAGGCCCACTTCCAGCTCCCCAGGGATTCTGCCACCCTCCACAGAAGTGAGGAGAAGAGGCAGTGGGAAAATGTACCAGGGTAAGCGCAGAAGAGGCTGGATCTGACTTCATCCCTAGAAATAGTTGTGTGGTGGGTGGTGGCTTCAGGGTCCAATCAGTTTCTGTGGCAGCATCTTTTGCTGTCTTTTAATGAACAGCAGGGGTGTCACCTGTCAGGAAGGACAGGCTGTCTAATGGACAGATGAATCCGGAA
chr21,36701006,+,1,0.05474061,0.6721076,0.27315181,0.9452594,AATGGCAGACAGAGCTGAGCGCTGCCGTTCTTTTCAGGATTGAAAATGTGCCAGTGGGCCAGGGGCGCTGGGACCCGCGGTGCGGAAGACTCGGAACAGGAAGAAATAGTGGCGCGCTGGGTGGGCTGCCCCGCCGCCCACGCCGGTTGCCGCTGGTGACAGTGGCTGCCCGGCCAGGCACCTCCGAGCAGCAGGTCTGAGCGTTTTTGGCGTCCCAAGCGTTCCGGGCCGCGTCTTCCAGAGCCTCTGCTCCCAGCGGGGTCGCTGCGGCCTGGCCCGAAGGATTTGACTCTTTGCTGGGAGGCGCGCTGCTCAGGGTTCTGGTGGGTCCTCTGGGCCCAGGAGCTGGGAGGGCTGCGCCGGCCTCTGGAGCCCCGGGAGCCAGTGCCGAGGTAGGGAGA
KI270857.1,2876722,+,1,0.05588764,0.7836545,0.16045776,0.9441123,GGGGCGGAACCACGTGACTCTGGAAGTAGCTGCGGGCGTGGTAGTCCTGCTGCGCGTTGTAGGGCGGAATCGCCGACCACAGCTTGGGCCTAGAGCGCCCATAAGCGCGGGCAGCGGTGCTCACAGCCACCCCGTCCAAGATAAAGCCTTTCTCCAGTCGCAGGCGACACTCGCTCAGGTACGCCATCCCAACCACCGTAGCCTCGGAGGGCCTTTCTGGTGGGGGATGAGGACCCTAGATGGGGACACCCCTGCGCATTCTTACGTGATGTCAACGACCCCTGCGACACAAACCCTATTGTCTCCACTCACCCCGGGTTGACCGGTGGGCCCTTAAGGCCGTGGGGGAAGTTGCTTGCTTGGCCCCAGAGGAGGTTGACCAGACTGACTATGCAAGAGGA
chr2,174172185,+,1,0.05658644,0.6786763,0.26473734,0.9434136,TAGACCAGCAGGGACAAGAAGGTCATCACTATGAAAGTTTTGGGAACAGTAAAACGGTTCAATGTAAGAAAAGGATATGGATTCATCAACAGGAATGACACCAAGTGAGATGTATTTGTACACCAGACTGCCATAAAGAATAACCCCAAGAAGTACCTTGGCAGTGGAGGAGCTGGAGAGATGTGGCGTTTGATGTTGAAGGAGAAAAGAATGTGGAGGCAGCCAGTACTGCAGGCCGTGGTGGAGTTCCAGTTCAAGGCAGTAAATATGCAGCCAACTGTACCTTTATAAGCTCCTATCTACCTCCTAGGGGTCCTCCAGGCAACTGCCAGCAGAATTACCGTAATAGTGAGAGTGGCGAAAAGAGTGCTCCCGAAGGCCAGGCCCAACACGCAGGGCCT
chrX,52908936,+,1,0.056626152,0.76359195,0.17978191,0.94337386,GCCCTGCAGCGGGACCAGCATCGAGACCAGCGAGGCAGGGCCATGGCTTTGAAGAGAGGCTTCCTGTGCACAGGAGACGTGGAAGCAGAGTCCGCCGCCCACGGTGAGAGCCCTGCGTGTTGGTGCTGGTGCCCTGGCTTAGGGGCTGCGGCGCCATTGCTTGTTGTGTGGTGGGCCCGGGTGGGTGAAACTGAGCAGCAGTTTGCACCTGCTTTGTGAGAACCAGAGCATCCTTGGGTTCTTCCAACATCTTATTGGGATTTAGACATGTGTGTCTTTTAATTTCAGGAGGCACAAATGACTAAATCTACCTTTTTTTTTAACCTCTGCAGAATCCTGAGATGTGAACCCAGCCAGTACCCATGTGACTCCTCTGAACTGAAAACAAATTCTGCTTTGTG
chr11,112963564,+,1,0.05898842,0.8467484,0.094263226,0.94101167,ACCGCCCCCGCCAGCGCTCACTCTCGCGCCGCGGAATCCGGGCCTGAGCGCGTCGCCGGGGAGGGCATCCTGGCAGGCACACCTACGCGCGTGCGCTGACCGGCCGACCGCGGGCCGGGGGCTCTACTGACGGCGGGGCGGGGCCGTGGCAGGGCCCGGAGAGGAGGGGTGGGGACCAAGCCTAGTCCGCCTGGCCCTGGGTCTCCGCTGCCACCTGGGCGGGGGCCACCCCGGTTATGCCCCTTTCCGCGGTGCCCGTGGGTGCCGCGACGCGACCTGTCCACATGGGGCGGGGGAAGGGGGGTGTTTTTGAGACATCCTCGCCCCCGGGTGGGAGCGTGACAATGGAGCCCGGATATTTGGTGGGCCTTTTGGGGGATCGCCTGGCGGTCCTTTCCATC
chr1,240654732,+,1,0.05954588,0.70309854,0.23735562,0.9404541,ATCGTGCTGATGCTGGAGCTGGAAGGGGCAGAATTCAGTCTGCCCTAGAACGCCAGGAACTTCTACGTGGACTGCCACATCCCCAGGCCCCACTGACATGGACAGCCGGAACTTCCCGGATTGTCATGGCCTCAGGGCCAAGACTGAAGGAACAGCCAAGTGTCAGCCGAGCCCAGCTCAGAGCACGTACAGTCCTGAGAGAGACAGGAAGCCTCCAAGAAGGACAAAGTCCCCTGCTTGAGAGAGATCCCATGTCCAAGCTCTGGTGGGGACAGGGCCCCTAGTGGGGTGGTCTTCCCCAAACCCCTGAGAATAGAGTGTGAGTAGGGTAGAGTCAGATTGGAGCTGCAGTAAAACTATGTCATGGGCCTAAAAAAAAAAAAGAAAGAGAGAGAGAGAGA
chr9,65503737,+,1,0.059710342,0.8083329,0.13195673,0.9402896,ACTACATTTCCCGGAGGATTCTGCGGGCCAATACCATGTCTCGCGAGATTTTGGCTTCCTCTTAGCCAGGTGGCAGAATCTTTCGCTGTGCCCAATTAGCTGCTGCCACGCCTTGGAGTCCGGAGTAACTTGGCCAGGCCGGCCCCGAGCGGAACTAGAGAAAGCTGAGGATGAGGAATCCGGCTCTGGTCCTTTTGTGTGTGGAGGGCTGAGGAGAGGAGTTTGCGTGTGTGATTGCCATGGTTGCCGTGGGTCTTCGTGGTCTGTGACTGTGGCTGTGTGGTGCTGACTCTGGGTGATCAGGTGGGCGCTTGTGACTGTGCGCGCTCGGAGTGGATGTGTGTGTCCTGGACGAGCCGCGCTGTGTGTGCGGATGTGGACAACCGGTGACTGTGTAGTGG
chr15,78438792,-,1,0.05984635,0.5633877,0.37676597,0.94015366,TCATCCAAAAGGAGAAAACATAAGCACAGCCCATTTTCAGAATGAATAGTATTTTTTTCTCTTTTTTTTTTTTTGTAGAGGGAGGTGGACGGGGGAGGAGACAGCGGTGCAATAAATGGTCGGAGAACTGACTGACCAATGTTCAACCTTGACTGCCCCTCATTCGGCTTCCAGAGGCACAGAGAGACTGAGGGGCCTTAGGCTGGACCGTGGAATCAACATCTAGCTGCGTGAGACCCGAACACGGAGACGCAGGCCCCCGCCTTCATCGCTCGCCAATGGGGGGCGGGCAGGAGAAGACGGTGGGCCTCTCCCTGCCCCTGGTGTTGCTGACGGGGGCCAGGAAGCCGCTGGCAGCAGGCAGCGGCCACCGGAGAGAGAGGGGTGCGGGTCAAGGCCAG
chr1,228623242,+,1,0.059939202,0.8306737,0.10938713,0.94006085,TTCCGGGAGCGGGAAGGCACCGCGAACGGCAGGGAACCCAGCGGCTGCGCCTTTGGGGTCCGGCCCCCTGCCCTCCCAGGCTGGAGCCGGGCTCCTGGCGGGGCGGCGGCGAGGCGGAAGCGGTGGGATGCTGCTGCCCGGCCGGCGTGCAGTAGGGGCGGACCCCCAGCAGGAGGACCCCGGCTGCGGCTGCGGCGGGGGTGTAGGTGGGCGGTAAAGGGGGAGCAGAGTCAGGGGAGGTTGGGTAGCATGGCGACTGTGGGGGGAAGGGAGGCAGCGGGGAAGCCACAAAAGCCTACAGCAGGCCGGGCGGGCGCGGTGGCTCGCGCCTGTAATCCCAGCACTCTGGGAGGCCGAGGCGGGTGGATCACGAGGTCAGGAGCTCCAGACCATCCCGGCTA
chr16,55324069,+,1,0.062164348,0.7170131,0.2208226,0.9378357,TTCCCGACGGAATCTGAGGGATCCCGAACCTCGGCCTCGAGGGGGCGCTATCCGGCCTACTCGAGGACCAGGCAGCTGCAGAGAAGCTCCAAGGTCAAGGCCCTGGGCCAGGCCAGGGCTTGGAGAGCCGGAATCTAGCCCGAGTCCTGGGGAGGCTGAGGCGGGGAACCAGATCCCCGAGGACAAAGATGGGCGGGCCAGTGGGATCCACCGACGCTGCCCGGAGCTGCTCCAACGAGAGCCGGGCCTGTGGCGTGAACAAACTTTACTTCAGCGCAGGGGCGGAGGAACCGGGCTGGAGGCTTCTCCCCCGGGCCTCTGCTCTCCTCCACCTGCCAGTGCTCAGCCTCCGCCCAGCCTTCGCCCACCCCAGCTCCCTCCCCCTCCCCCACGCGCCTCTG
chr6,51410775,+,1,0.06292957,0.8823962,0.05467416,0.93707037,GTCACTTGCCCGCCGCCGGGCCCGCCAGGAGAGGAAAGGTGAAGGGAGGGAGCGAGGCCGCCGGCCTAGCCCGATCGGAGCCTCGAGGCGCAATAGAGCAGCTGCTCCCCGGTAACACGCCCCGTCCTTTCCGGGGAGCCTGGTGCGAGCTCCGCGGGCGCCGGAGCTCAGCAAGCCCAGAATGGTCTCTTTTGCTAAGAGTTCACGATCTATTCCAACCATTCTCCTGATGCCAAATTTGGCACTTCAGACATCACTTATCCCTCACTCTCTGTTTTTTTTTTTTTTTTTTTTTCTCCTTGGTTTTTCCTAAATTTCAGAGGTTTTCTTGTGAACCAGAAGCAGATTGTTTCTTCACATACTCTTGGCTTAAATTCAGGAATAAGTCAGCCATCCAGCTC
chr2,112275328,-,1,0.063352205,0.79318255,0.14346519,0.9366478,CAGCCCGCCGGGGCCGAGCGCGTTGACCATTGGAGGAGAGTGCCCGTCAATCACCTGCAGGGGCGGGTCTTCGCCCTTCTCTGTGCAGCGGCGGAGGCGGCAGCCTAGTGGCGGGGCCGGGCGGCGAGAGACGCGGCCGGATGGCTCCTCGAGTGTCTGCAGGAGGGGGAGGCAGCCCACGGGACCTACGAGGGCCACCAGCGCTTCTGCTCCCGGCGCAGTACGGGCCGCGGTTTTTCCTGCGAGACGCCCGCCGCCCGAGGAGTTCCAGACGCACCAAGCAAACGGGCCCCAAAACCGTTAGCCGAGGCGGGCAGGGGTGGGATAACAAAGAACAAGGCGGCTGTAGAGTCCTTAAATTTTTTTGTGAAAACCTTTGTTCTTGTAATAATAGGGAAATG
chr20,56629190,+,1,0.06404049,0.78936934,0.14659014,0.93595946,TTTCAGTATTTGGATCCCTTCCCCCAGCTCTGCCAATCTCAGGTGTGTTTACGGTGGAGGTGACAGAAGGAAGGCGCGTCGGGGGACCCAGGCCTCGCAGGTCTTCGGCTGTCAACGAGGCACCGCCCACTGACTCCGCGCTTCGTCCCTCACAGCGTGGGGCTCGGCGCTGCGCCAGGCCCGGGTGCGGGGCGGAGCTAGGCTGGGACTGGCTGGGGGCCGCCCCGCCCGGCGCCTGGGCCTCCGCGCCGGCCCCCGGGGAGGAGTTATGATAATTTCCTTCTCATTAAGGCGCTCGGGTCCCCCGGCTATCGCCAGGACACACTGTTCGGGCGCGGCTTTCCCCGTCCGCGGAGCGGTCTTGACACTCGCGGCGGCAGCATCTACGCTCGCAGAGCCGC
KI270911.1,44486,+,1,0.06621191,0.8420414,0.09174677,0.9337881,AGGGTGGGGAACACCGGGGCCCTGCGGTCCCCTCCCTTTCCTGTATTTAAGAAGCCGCCGGCGGCGCAGAGGCCCAGGCGGGCTGGCGCGGGGGCGAGGCGGCCCGGTGGCAGCAGCGGGCGGGGCGGGCGCTCCGGAGTCGGTGGGGCCCGCGGGTTGGGGGGCGGGGAGAGGGGGGAGTGGAAGGGAGGGGGAACGCAGGGGAGGGAGAGGAGGGGAGGAGCCGCGCGGCCCGCGCCGCTTCCGAACCGGAAAGTTGGTCTTGCCGAAGTCCTGCCACCCCGGCGTGCGCACTCCGCTCCGCTCCGGCCGCGAGCCTCCGAGCCCGGCCGGCCGCCGGGGGAAGCCCGCGGAGGGGACGCGGGGCCGGGCGAGAAGGTCCGGAGAGCGGGGGGCACCTG
chr1,23530790,+,1,0.066242136,0.8490329,0.08472498,0.93375784,GTGGGGAGTGGCGTCGAGGCAGGTGCCTGGCGCCGCTGCGGGAGGCGCCGTCTGCGGGTACAGCGGTGTGTAGTAGGTAGCAGTAGCTGGGCAGAGCTGGGGGCTGCTGAGGCCGGATGGCCACAGCTCTGTGGGGCTCATCGCGGGCACCACCTTCGGGGTCTGCCCAGCGGCCGAAGCCAAGGCCCGGGGCCCTTGCAGCATAGCGAGTAAGGCGCCCCCTACCCAAAAGGGCTTGGCGCGCCCGCGGACACCTGCGGGTTCCGGTGCTGCCGCCTTTCACACGGCCCGCGGCATGGCGCGGAGGCCGGGGGAAGCCGCCAATGGACGCCTGCGGGGCAAGGCCGGACCCTCCCCTCCTGGCCCGCGGCCGAGCAGAGAGCAGCGCTTAGAGATCGCCG
chr22,44596310,-,1,0.06633319,0.51769066,0.41597617,0.9336668,TTCTTCTCCCTTCATCCCCGAGGGTGAGTATCCCAGGACTCTCCTGGTATGACCTGCGAACGCCCCTGGGATATTCACCCTAAGGGATGAAGAGAGAGGGCCACGCTGTCCTCTCTGTGATCATATTAGACAATAAATGCAAGAGTGTGTTTCAGAACAACAAGACGCTGTTTCATGGGAGAAGCAGCAGAAGGGCTCATGTCAGATGGTGACGGAATCGCATTCACCTGCCAGAAGCTTCCCAGGCACCCTCCTGTGCCCCCCGCTGAGAGCTCCCCTACCCCCTCTGCCCCGACTTCTGGCAAGGAGAGATTACCAGCTCGCTCAAGTGTGACCCTGCCTGAGTCAGGCGGGAAGCTGTCAGGAACGGGCGCAAGTCTCATTTCCTCGCCGCTAACTGC
KI270927.1,169426,-,1,0.0671452,0.59845865,0.3343961,0.9328548,GGCGTGGATGGGCAGGACCAGTTATAGAACTCCAACGTACAGCTCAGTGAGCAGTTGACGAAATAACAGGTGTCTCCGTATGTGCCGTTGTACACCTCCTCACCTGCGAAGGGAGACAGACCCACGATCACACCGTCCAGAGGCAGGGCTATCCGGAGGCAGGGCTAGCCGCTGGACCCCGTGGAGGTCCCCACAGCGGAGGTCCCCACAGAGGCCACCCAAGGGAAGCCGTGCCCTGGACACAGCCACCCTCGACGGCTGCTGCCTCCTGAGACGCTTCTACTGCGATCTCAGCCCTGGCACCTGACCCATTGGTACATGCCGGGGCCAGCCTCGGCCACCCAAGCACAGGATGTGAACAGCCTGAGTACCTGGTGCGTAGTAGGTGTCGTTCAGGACAC
chr1,143675519,+,1,0.06780016,0.63826406,0.2939358,0.93219984,TGGGGGCTCAGCTGCGTTGTTTTTGGGTGCGTGTCTGGGGCAGGAGGCCGGGGCCGGGCAAGGGGTGAATCCAACAGGGAACTGCGAGGAGGAGGGCAAGGAAGTCGGTAGAGGCATGCACCAGGGAAACTTCCCAGTAGCTTTGTGCAGCGATAAGGACTGCACAAGGGAGAGATGAGAAGTGTTTTCTTATTGTATCAGAATGGGGAAGAAAGGGGGGAAAAACGGAGAGACACCAAGAAAGAACGAAATCTACGCGGACCCTTGGGTCTCCAAAAGGGAAGCAGTCCTGCATTAAGTTTAAAGAAGGAGCGCGGCGCGCTTCAGCTCCTGTGGCTTGCCGTGATCTTATTGTGGTTAGTACTTTACGCGGTGGCCGCAGCAGCCTGGGCTCGAATCCC
chr10,102202569,-,1,0.067980476,0.7719409,0.16007872,0.9320196,TTTGAATGTTAACTTTGTAACTAAGAGCTAGCCTGACATTACAAAAAAATTACAGAAGATTGATGGTTGGAATGAAAAATCAATTGAGGAATTACTGAGGGAAGCTCAAAAAGATCTTTGTGAGAAGAGAAGAGGAGAAACAGAAACAAAAAGCGAAAATAATGGTTTCCACTGCAGAGGAGGTAGTCAGGAAGAAGTTAGATCAAGACCCCTCTCAGAGGAGACAAGAAAATACTAGGTTTCAGCAAAAAGACAGAAGAGAAATACAAGGAAAAACTCCTAAGACTGTAAGTGGATGTTACAAGTGTGGAAAACCAGGACATTTTAAAAGAGAATGTCCAGAATGGAAAAAGGAAGAGAAGTAATCCACTGTATGACTTTTGATGAAGATTAGGGAGTCA
chr11,67989863,-,1,0.06853053,0.6761006,0.2553689,0.9314695,CGGCGGGAGACTTGACATTTTCTAAATCTGGGAGGGAACGCTGCCTGCCTCACGCCGACCTTCAGTGACAAGCAGACTCAGAAGCGGTCCCGAGGTGCCACCATAACCTGGGTGAAGGCCAGCACTGTGTGCTTCCAGTTCCCCCTCGGCATCTGTAGACTGAGTGTTCTCTGGAGGTGGCTGGCGACATCCTCTAGGCAGGCTCCAGCAAAACCAGTCGGAGTTGGGCAACCTGACGCTCAGATGATTCACCTCTGAATGGAGGGCAAGGTGATATTTGGAAGGGTGTGGGCCCCTGGGATGCTGGGCAAACGGGGAGCAGGTGCCTGGATAGTGGGCCTACAGCTCTTCCCAGTTCCGAGTCAATTCCAATGTCCATGGTGCCAAGGAACAGAGGCTGT
chr9,13987736,+,1,0.06939863,0.5249508,0.40565056,0.93060136,GGAGAAAGAGGACGACAACAATGAAAATGATGGTGATGAAGGGGGAGAAAATGAAGAGGAGGAGGAGGAGAAAGATGCAGAGGCTGGTTCAAAAAAGGAGGAAGAGGCCCAGCTGGCAGCCCTGGAGGAGCAGAGAATGAAGGGGAAGACAGGCACCTTGAAGGTGGAGGATGAGCAGTGACTAGCCCAAGAGGAGGAGAGCGAGGCCAAGCACCTGGCCATTATGATGATGAAGAAGTGGGAGAAGTACCTGTACCAGAAGATCATGTTTGGCAAGAGGCGAAAAATCCGAGAGGCCAACAAGCTGGCAGAGAAGCGGAAAGCCCACGATGAGGCGGTGACATCTGAGAAGAAGGCCAAGAAGGCAAGGCTGGAGTGAGTGCCAGTGGCCCCTCACAGGG
chr11,123047334,-,2,0.06946222,0.4172776,0.51326025,0.9305378,TTCCGTGTCAACTGCATTTACTTCCACCAGCTCTGCCTGCTGCGCTGAACTGTGCAGCCAGTGGGGTGCCACCCCCAGAGTGGTTCAAAGTTCCCCAGTATTGATTCTCAGATGCTCTGGGGTGTGAATTATAATTATTTCATTAAGCCCTTTAATGGGTATCAACTATGAACCTTCCCCAGCTTAGGCTGGGGAGGCCAGGGCGAGGTCTGCATCATTAATCTGTGTTCATCTCGTTGCCACCAATTGTCCTACTCTCGACCCTTATTTTTTTTTCTCCTATTATCAGGTCTGTGGTTTTAGTGGGAAGCAGGTCAGTCTACTCCCAGAGAGGAACTGGAAAGAGGAGTTGGCTGATTTGGGGAGATTGGAGGGGAGGCCATGGTTGAGCAGATTGCAGT
chr1,201740519,+,1,0.06952198,0.7532939,0.17718418,0.93047804,GTGGGTGTGTGGAGGGCTCTAGGGAGTGGAAAGGGAAGGAAAGGAGCTTAGGCGCCCAGGAGACCTGGACGGAGCTGAGACAATAGCGCAACTTGATTGAACTTCGATGGTTGCGGCTGTGGCGCGTGGGGGCCCGGCCTGTGAGGGTCGGGGGTCCTGGGGACCAGGCGGGTGGAAGGAGGAGGGGCTTGCAGCCCCAGGTCGGCCCTGCCAAGGTCACCCTAGTTCCGGAAGCTCCGGGGGTCGTCCTGGGGTGAAAGGAGGTGGTGGGAGGCGGAAGGATGAAACGGGGGAGGGAGGGGACGTTGAATTTGTGACCGTACTGCTGGCTGGATACTTCCGAGAGAGAGTGAAGCCTGGTGCTCTACCCTGGGAAGGGGTGAAAAATCGGAGAGCCGGGT
chr6,26043417,+,2,0.069649905,0.36068773,0.5696624,0.9303501,TGTGACAAAGTAGGTGGCTCTGAAAAGAGCCTTTGGGTTTGGAAGTGCTTACATAAGCACTTATTTAGAGCTAGTGTACTTGGTAACTGCCTTAGTGCCCTCGGACACAGCATGCTTAGCCAGCTCCCCAGGCAGCAGCAGGCGCACAGCCGTCTGAATCTCCCTGGAGGTGATGGTCGAGCGCTTATTGTAGTGAGCCAGGCGAGAAGCCTCGCCCGCGATGCGCTCGAAGATGTCGTTGACGAAGGAATTCATGATCCCCATGGCCTTGGATGAGATGCCGGTGTCGGGGTGGACCTGCTTCAGAACCTTGTACACATAGATAGAATAGCTCTCCTTGCGGCTGCGCTTACGCTTCTTACCATCCTTCTTCTGCGCCTTAGTGATAGCCTTCTTAGAAC
KQ031383.1,183761,+,1,0.07005969,0.46951076,0.4604296,0.92994034,GTGGTCTCCTTGACCCCTCCCTCCTTGGTGTTTGGAAGACATTCTTCCTGGTACCAGTAGAAGCAGATGATTGTGTTTGCCATGAGAGTGATACATTTTCCCTGGATTTGTCTTCTAGAGATTTTCCTTGCAGATCTATCAGGATGAGCATCCAGGCCCCACCCAGACTCCTGGAGCTGGCGGGGCAGAGCCTGCTGAGAGACCAGGCCTTGTCCATCTCTGCCATGGAGGAGCTGCCCAGGGTGCTCTATCTCCCACTCTTCATGGAGGCCTTCCGCAGGAGACACTTCCAGACTGTGACGGTGATGGTGCAGGCCTGGCCCTTCACCTGCCTCCCTCTGGGATCACTGATGAAGACGCTTCATTTGGAGACCTTAAAAGCATTGCTGGAAGGGCTTCAT
